{
  "name": "Kryptonian Physiology",
  "modifiers": {
    "fiskheroes:controlled_flight": {
      "speed": 0.15,
      "boostSpeed": 0.5,
      "canBoost": true,
      "collision": {
        "blocks": {
          "stopFlying": false,
          "takeDamage": false
        },
        "entities": {
          "stopFlying": false,
          "dealDamage": true
        }
      },
      "knockback": 0.4,
      "soundEvents": {
        "ENABLE": ["fiskheroes:flight_loop", "fiskheroes:flight_cape_loop"],
        "BOOST": "fiskheroes:flight_boost"
      }
    },
    "fiskheroes:heat_vision": {
      "damageProfile": {
        "damage": 7.0,
        "types": {
          "FIRE": 1.0
        },
        "properties": {
          "COOK_ENTITY": true,
          "HEAT_TRANSFER": 140
        }
      },
      "range": 32.0,
      "radius": 0.1,
      "soundEvents": {
        "BEAM_AMBIENT": "fiskheroes:heat_vision"
      }
     },
      "fiskheroes:damage_weakness": {
        "damageType": "MAGIC",
        "factor": 3.0
    },
    "fiskheroes:super_speed": {
      "canUseTreadmill": true
    },
    "fiskheroes:slow_motion": {
    }
  }
}
