{
  "name": "Healing Factor",
  "modifiers": {
    "fiskheroes:regeneration": {
      "factor": 5
    },
    "fiskheroes:potion_immunity": {
      "potionEffects": ["minecraft:nausea", "minecraft:poison", "minecraft:wither"]
    },
    "fiskheroes:arrow_catching": {
    },
    "fiskheroes:leaping": {
      "leapAmount": [0.5, 0.0]
    },
    "fiskheroes:blade": {
      "soundEvents": {
        "ENABLE": "fiskheroes:blade_enable",
        "DISABLE": "fiskheroes:blade_disable"
      }
    }
  }
}
