{
  "name": "Optic Blasts",
  "modifiers": {
    "fiskheroes:charged_beam": {
      "damageProfile": {
        "damage": 6.0,
        "types": {
          "ENERGY": 1.0
        },
        "properties": {
          "COOK_ENTITY": false,
          "HEAT_TRANSFER": 20
        }
      },
      "chargeTime": 7,
      "duration": 55,
      "cooldownTime": 8,
      "range": 32.0,
      "radius": 0.4,
      "soundEvents": {
        "SHOOT": "fiskheroes:mind_stone_start",
        "SHOOT_STOP": "fiskheroes:mind_stone_stop",
        "BEAM_AMBIENT": "fiskheroes:mind_stone_loop",
        "CHARGE": "fiskheroes:mind_stone_charge"
      }
    }
  },
  "hud": [
    {
      "type": "CIRCLE",
      "color": "fiskheroes:charged_beam",
      "data": "fiskheroes:beam_charge"
    }
  ]
}
