{
  "name": "Weather Goddess",
  "modifiers": {
    "fiskheroes:gliding": {
      "gliding": {
        "speed": 1.0,
        "lift": 1.0,
        "gravity": 1.0,
        "stall": 0.0
      },
      "isPowered": true,
      "isControlled": false,
      "canJumpActivate": true,
      "boostSpeed": 0.1,
      "collision": {
        "blocks": {
          "stopFlying": true,
          "takeDamage": true
        },
        "entities": {
          "stopFlying": true,
          "dealDamage": true
        }
      },
      "knockback": 0.75,
      "soundEvents": {
        "ENABLE": "fiskheroes:gliding"
      }
    },
    "fiskheroes:lightning_cast": {
      "damageProfile": {
        "damage": 10.0,
        "types": {
          "ELECTRICITY": 1.0
        },
        "properties": {
          "COOK_ENTITY": true,
          "LIGHTNING_STRIKE": 0.15
        }
      },
      "range": 48.0,
      "chainRadius": 2.5,
      "cooldownTime": 30,
      "soundEvents": {
        "SHOOT": "fiskheroes:black_lightning_lightning_cast"
      }
    },
    "fiskheroes:shadowdome": {
      "chargeTime": 40,
      "duration": 1200,
      "radius": 24.0,
      "soundEvents": {
        "CAST": "fiskheroes:shadowdome_cast_loop",
        "DISSOLVE": "fiskheroes:shadowdome_dissolve",
        "FORM": ["fiskheroes:shadowdome_form", "fiskheroes:shadowdome_form_loop"]
      }
    },
    "fiskheroes:potion_immunity": {
      "potionEffects": ["minecraft:nausea", "minecraft:poison", "minecraft:wither"]
    },
    "fiskheroes:damage_immunity": {
      "damageType": "BULLET"
    },
    "fiskheroes:water_breathing": {
    }
  }
}
